timestamp,t,total_demand,ground_truth_caltech_arrivals,ground_truth_jpl_arrivals,caltech_predicted_arrivals,jpl_predicted_arrivals,caltech_dt_predicted_queue,jpl_dt_predicted_queue,caltech_dt_predicted_wait,jpl_dt_predicted_wait,caltech_dt_predicted_util,jpl_dt_predicted_util,routed_to_caltech,routed_to_jpl,sim_caltech_queue,sim_jpl_queue,sim_caltech_wait,sim_jpl_wait,sim_caltech_util,sim_jpl_util
2018-09-05 11:00:00,0,3,1.0,2.0,0.0,0.0,0.0,0.0,0.0,0.0,0.0,0.0,1,2,0.0,0.0,0.0,0.0,0.006166666666666663,0.1195925925925926
2018-09-05 12:00:00,1,2,0.0,2.0,0.0,0.0,0.0,0.0,0.0,0.0,0.06666666666666667,0.13333333333333333,0,2,0.0,0.0,0.0,0.0,0.06666666666666667,0.17027777777777778
2018-09-05 13:00:00,2,9,2.0,7.0,0.0,0.0,0.0,0.0,0.0,0.0,0.06666666666666667,0.26666666666666666,3,6,0.0,0.0,0.0,0.0,0.15451851851851853,0.4832037037037037
2018-09-05 14:00:00,3,15,10.0,5.0,0.0,0.0,0.0,0.0,0.0,0.0,0.26666666666666666,0.610037037037037,9,6,0.0,0.0,0.0,0.0,0.5881851851851851,0.9077037037037037
2018-09-05 15:00:00,4,18,18.0,0.0,0.0,0.0,0.0,0.0,0.0,0.0,0.8666666666666667,1.0,15,3,13.0,3.0,0.0,0.0,0.9702592592592593,1.0
2018-09-05 16:00:00,5,14,13.0,1.0,0.0,0.0,13.0,2.0,0.0,52.049999999999955,1.0,1.0,13,1,26.0,3.0,0.0,52.049999999999955,1.0,1.0
2018-09-05 17:00:00,6,2,2.0,0.0,0.0,0.0,26.0,3.0,0.0,0.0,1.0,1.0,1,1,27.0,4.0,0.0,0.0,1.0,1.0
2018-09-05 18:00:00,7,2,2.0,0.0,0.0,0.0,25.0,3.0,196.36666666666665,134.25,1.0,1.0,1,1,26.0,4.0,196.36666666666665,134.25,1.0,1.0
2018-09-05 19:00:00,8,5,2.0,3.0,0.0,0.0,25.0,3.0,241.13333333333333,192.5,1.0,1.0,2,3,27.0,6.0,241.13333333333333,192.5,1.0,1.0
2018-09-05 20:00:00,9,5,4.0,1.0,0.0,0.0,26.0,6.0,272.06666666666666,0.0,1.0,1.0,2,3,28.0,9.0,272.06666666666666,0.0,1.0,1.0
2018-09-05 21:00:00,10,4,3.0,1.0,0.0,0.0,28.0,9.0,0.0,0.0,1.0,1.0,2,2,30.0,11.0,0.0,0.0,1.0,1.0
2018-09-05 22:00:00,11,5,1.0,4.0,0.0,0.0,29.0,6.0,421.0833333333334,251.85,1.0,1.0,2,3,31.0,9.0,421.0833333333334,251.85,1.0,1.0
2018-09-05 23:00:00,12,3,2.0,1.0,0.0,0.0,27.0,6.0,458.8,204.83333333333334,1.0,1.0,1,2,28.0,8.0,458.8,204.83333333333334,1.0,1.0
2018-09-06 00:00:00,13,6,4.0,2.0,0.0,0.0,23.0,4.0,515.1,164.65833333333336,1.0,1.0,3,3,26.0,7.0,515.1,164.65833333333336,1.0,1.0
2018-09-06 01:00:00,14,8,7.0,1.0,0.0,0.0,24.0,6.0,542.1916666666667,194.10000000000002,1.0,1.0,5,3,29.0,9.0,542.1916666666667,194.10000000000002,1.0,1.0
2018-09-06 02:00:00,15,7,7.0,0.0,0.0,0.0,29.0,5.0,0.0,187.7291666666667,1.0,1.0,7,0,36.0,5.0,0.0,187.7291666666667,1.0,1.0
2018-09-06 03:00:00,16,5,5.0,0.0,0.0,0.0,31.0,0.0,664.1099999999999,90.39523809523813,1.0,0.9863888888888888,3,2,34.0,0.0,664.1099999999999,97.84047619047621,1.0,1.0
2018-09-06 04:00:00,17,0,0.0,0.0,0.0,0.0,32.0,0.0,719.7083333333334,0.0,1.0,0.7835185185185186,0,0,32.0,0.0,719.7083333333334,0.0,1.0,0.7835185185185186
2018-09-06 05:00:00,18,4,4.0,0.0,0.0,0.0,30.0,0.0,774.0999999999999,0.0,1.0,0.4887592592592596,2,2,32.0,0.0,774.0999999999999,0.0,1.0,0.5902592592592598
2018-09-06 06:00:00,19,1,1.0,0.0,0.0,0.0,31.0,0.0,806.5166666666667,0.0,1.0,0.43179629629629646,1,0,32.0,0.0,806.5166666666667,0.0,1.0,0.43179629629629646
2018-09-06 07:00:00,20,0,0.0,0.0,0.0,0.0,29.0,0.0,791.3555555555555,0.0,1.0,0.3154814814814813,0,0,29.0,0.0,791.3555555555555,0.0,1.0,0.3154814814814813
2018-09-06 08:00:00,21,0,0.0,0.0,0.0,0.0,28.0,0.0,767.9833333333333,0.0,1.0,0.26666666666666666,0,0,28.0,0.0,767.9833333333333,0.0,1.0,0.26666666666666666
2018-09-06 09:00:00,22,1,1.0,0.0,0.0,0.0,25.0,0.0,774.361111111111,0.0,1.0,0.26666666666666666,1,0,26.0,0.0,774.361111111111,0.0,1.0,0.26666666666666666
2018-09-06 10:00:00,23,0,0.0,0.0,0.16408021748065948,0.16408021748065948,23.0,0.0,718.0944444444444,0.0,1.0,0.26666666666666666,0,0,23.0,0.0,718.0944444444444,0.0,1.0,0.26666666666666666
2018-09-06 11:00:00,24,1,1.0,0.0,0.8170637488365173,0.8170637488365173,24.0,0.0,0.0,0.0,1.0,0.3333333333333333,1,0,24.0,0.0,0.0,0.0,1.0,0.26666666666666666
2018-09-06 12:00:00,25,2,0.0,2.0,0.6706642135977745,0.6706642135977745,15.0,0.0,699.625,0.0,1.0,0.3333333333333333,0,2,14.0,0.0,699.625,0.0,1.0,0.29940740740740746
2018-09-06 13:00:00,26,16,7.0,9.0,3.578559935092926,3.578559935092926,12.0,0.0,653.4777777777778,0.0,1.0,0.6196296296296294,4,12,12.0,2.0,653.4777777777778,0.0,1.0,0.666907407407407
2018-09-06 14:00:00,27,14,5.0,9.0,10.828473567962646,10.828473567962646,12.0,12.0,432.26500000000016,55.10833333333346,1.0,1.0,4,10,6.0,10.0,432.26500000000016,55.10833333333346,1.0,1.0
2018-09-06 15:00:00,28,28,20.0,8.0,10.171261548995972,10.171261548995972,9.0,19.0,77.39166666666661,71.97500000000014,1.0,1.0,17,11,17.0,19.0,77.39166666666661,71.97500000000014,1.0,1.0
2018-09-06 16:00:00,29,16,12.0,4.0,7.669856905937195,7.669856905937195,22.0,26.0,82.88333333333344,121.79999999999995,1.0,1.0,11,5,26.0,22.0,82.88333333333344,121.79999999999995,1.0,1.0
2018-09-06 17:00:00,30,2,2.0,0.0,3.36828351020813,3.36828351020813,28.0,25.0,117.51666666666665,0.0,1.0,1.0,1,1,26.0,23.0,117.51666666666665,0.0,1.0,1.0
2018-09-06 18:00:00,31,5,3.0,2.0,1.845871388912201,1.845871388912201,27.0,25.0,172.68333333333362,0.0,1.0,1.0,2,3,27.0,26.0,172.68333333333362,0.0,1.0,1.0
2018-09-06 19:00:00,32,4,2.0,2.0,2.6690094470977783,2.6690094470977783,28.0,26.0,265.25833333333344,277.8277777777778,1.0,1.0,2,2,27.0,25.0,265.25833333333344,277.8277777777778,1.0,1.0
2018-09-06 20:00:00,33,1,1.0,0.0,2.107217252254486,2.107217252254486,26.0,27.0,308.088888888889,0.0,1.0,1.0,1,0,25.0,25.0,308.088888888889,0.0,1.0,1.0
2018-09-06 21:00:00,34,3,3.0,0.0,1.6280977129936218,1.6280977129936218,27.0,25.0,0.0,403.33333333333337,1.0,1.0,3,0,28.0,23.0,0.0,403.33333333333337,1.0,1.0
2018-09-06 22:00:00,35,9,4.0,5.0,2.0081626176834106,2.0081626176834106,29.0,24.0,436.0166666666669,425.70000000000005,1.0,1.0,4,5,31.0,27.0,436.0166666666669,425.70000000000005,1.0,1.0
2018-09-06 23:00:00,36,5,3.0,2.0,2.3288115859031677,2.3288115859031677,32.0,25.0,463.39999999999964,494.6375000000002,1.0,1.0,3,2,33.0,25.0,463.39999999999964,494.6375000000002,1.0,1.0
2018-09-07 00:00:00,37,9,9.0,0.0,3.074810028076172,3.074810028076172,35.0,26.0,524.8833333333332,521.3166666666668,1.0,1.0,7,2,39.0,25.0,524.8833333333332,521.3166666666668,1.0,1.0
2018-09-07 01:00:00,38,8,7.0,1.0,3.7268683314323425,3.7268683314323425,41.0,27.0,605.9583333333333,564.3333333333336,1.0,1.0,5,3,42.0,26.0,605.9583333333333,564.3333333333336,1.0,1.0
2018-09-07 02:00:00,39,5,5.0,0.0,3.5298861861228943,3.5298861861228943,42.0,27.0,642.5625,641.55,1.0,1.0,4,1,42.0,24.0,642.5625,641.55,1.0,1.0
2018-09-07 03:00:00,40,6,6.0,0.0,2.1511661410331726,2.1511661410331726,41.0,23.0,677.2944444444446,671.3000000000001,1.0,1.0,5,1,44.0,22.0,677.2944444444446,671.3000000000001,1.0,1.0
2018-09-07 04:00:00,41,3,3.0,0.0,1.4815141558647156,1.4815141558647156,43.0,21.0,755.9583333333334,677.4249999999998,1.0,1.0,2,1,44.0,21.0,755.9583333333334,677.4249999999998,1.0,1.0
2018-09-07 05:00:00,42,1,1.0,0.0,1.4209450483322144,1.4209450483322144,42.0,21.0,789.1777777777778,724.0333333333333,1.0,1.0,1,0,42.0,20.0,789.1777777777778,724.0333333333333,1.0,1.0
2018-09-07 06:00:00,43,2,2.0,0.0,0.5665546730160713,0.5665546730160713,41.0,19.0,818.2666666666665,702.7083333333333,1.0,1.0,1,1,41.0,19.0,818.2666666666665,702.7083333333333,1.0,1.0
2018-09-07 07:00:00,44,0,0.0,0.0,0.34407077729701996,0.34407077729701996,41.0,17.0,0.0,748.8083333333334,1.0,1.0,0,0,41.0,17.0,0.0,748.8083333333334,1.0,1.0
2018-09-07 08:00:00,45,1,1.0,0.0,0.18926658667623997,0.18926658667623997,39.0,15.0,883.4583333333333,711.575,1.0,1.0,1,0,40.0,15.0,883.4583333333333,711.575,1.0,1.0
2018-09-07 09:00:00,46,0,0.0,0.0,0.3424070291221142,0.3424070291221142,39.0,11.0,909.0666666666671,641.9583333333337,1.0,1.0,0,0,39.0,11.0,909.0666666666671,641.9583333333337,1.0,1.0
2018-09-07 10:00:00,47,0,0.0,0.0,0.17689391784369946,0.17689391784369946,37.0,6.0,916.1916666666665,625.3100000000002,1.0,1.0,0,0,37.0,6.0,916.1916666666665,625.3100000000002,1.0,1.0
2018-09-07 11:00:00,48,1,1.0,0.0,0.2801798302680254,0.2801798302680254,35.0,0.0,886.9249999999998,311.3222222222223,1.0,0.9559814814814813,1,0,36.0,0.0,886.9249999999998,311.3222222222223,1.0,0.9559814814814813
2018-09-07 12:00:00,49,2,0.0,2.0,0.7056644558906555,0.7056644558906555,35.0,0.0,908.1833333333334,0.0,1.0,0.8253333333333336,0,2,34.0,0.0,908.1833333333334,0.0,1.0,0.7721296296296295
2018-09-07 13:00:00,50,9,2.0,7.0,3.9513134956359863,3.9513134956359863,32.0,0.0,880.1944444444445,0.6285714285715065,1.0,0.8308518518518526,1,8,29.0,0.0,880.1944444444445,0.0,1.0,0.842240740740742
2018-09-07 14:00:00,51,20,7.0,13.0,8.565967440605164,8.565967440605164,30.0,6.0,853.3142857142858,23.883333333333212,1.0,1.0,4,16,26.0,12.0,853.3142857142858,13.649999999999864,1.0,0.9919259259259257
2018-09-07 15:00:00,52,36,26.0,10.0,11.164058685302734,11.164058685302734,31.0,22.0,862.6033333333332,72.67499999999995,1.0,1.0,17,19,38.0,29.0,862.6033333333332,72.67499999999995,1.0,1.0
2018-09-07 16:00:00,53,14,13.0,1.0,7.928993225097656,7.928993225097656,37.0,38.0,840.04375,0.0,1.0,1.0,8,6,38.0,35.0,840.04375,0.0,1.0,1.0
2018-09-07 17:00:00,54,5,4.0,1.0,3.1594358682632446,3.1594358682632446,36.0,37.0,796.0566666666666,207.1166666666668,1.0,1.0,2,3,35.0,37.0,796.0566666666666,207.1166666666668,1.0,1.0
2018-09-07 18:00:00,55,3,1.0,2.0,2.1751973032951355,2.1751973032951355,28.0,38.0,365.35,240.16666666666697,1.0,1.0,1,2,27.0,38.0,365.35,240.16666666666697,1.0,1.0
2018-09-07 19:00:00,56,7,6.0,1.0,2.511844754219055,2.511844754219055,26.0,40.0,251.8791666666665,285.5833333333335,1.0,1.0,5,2,28.0,39.0,251.8791666666665,285.5833333333335,1.0,1.0
2018-09-07 20:00:00,57,6,3.0,3.0,1.9798094630241394,1.9798094630241394,29.0,41.0,288.83333333333303,0.0,1.0,1.0,2,4,29.0,43.0,288.83333333333303,0.0,1.0,1.0
2018-09-07 21:00:00,58,4,1.0,3.0,2.3111541271209717,2.3111541271209717,30.0,40.0,346.2333333333331,415.4999999999999,1.0,1.0,2,2,30.0,40.0,346.2333333333331,415.4999999999999,1.0,1.0
2018-09-07 22:00:00,59,5,3.0,2.0,2.4356822967529297,2.4356822967529297,32.0,37.0,0.0,443.66666666666663,1.0,1.0,4,1,34.0,36.0,0.0,443.66666666666663,1.0,1.0
2018-09-07 23:00:00,60,5,5.0,0.0,2.192746877670288,2.192746877670288,34.0,35.0,463.6666666666665,497.8499999999999,1.0,1.0,4,1,36.0,34.0,463.6666666666665,497.8499999999999,1.0,1.0
2018-09-08 00:00:00,61,7,6.0,1.0,2.33340522646904,2.33340522646904,37.0,35.0,517.5499999999997,502.0999999999999,1.0,1.0,5,2,40.0,35.0,517.5499999999997,502.0999999999999,1.0,1.0
2018-09-08 01:00:00,62,6,6.0,0.0,2.8180177211761475,2.8180177211761475,43.0,37.0,0.0,562.8666666666672,1.0,1.0,6,0,46.0,34.0,0.0,562.8666666666672,1.0,1.0
2018-09-08 02:00:00,63,7,7.0,0.0,2.273569207638502,2.273569207638502,43.0,33.0,651.5800000000002,623.1111111111112,1.0,1.0,5,2,46.0,33.0,651.5800000000002,623.1111111111112,1.0,1.0
2018-09-08 03:00:00,64,2,2.0,0.0,2.1137654781341553,2.1137654781341553,48.0,35.0,0.0,0.0,1.0,1.0,1,1,47.0,34.0,0.0,0.0,1.0,1.0
2018-09-08 04:00:00,65,2,1.0,1.0,1.1288006752729416,1.1288006752729416,45.0,33.0,755.3666666666664,777.5,1.0,1.0,1,1,45.0,33.0,755.3666666666664,777.5,1.0,1.0
2018-09-08 05:00:00,66,2,2.0,0.0,0.47052494436502457,0.47052494436502457,43.0,31.0,795.5416666666665,812.8999999999996,1.0,1.0,2,0,45.0,31.0,795.5416666666665,812.8999999999996,1.0,1.0
2018-09-08 06:00:00,67,0,0.0,0.0,0.3816878329962492,0.3816878329962492,41.0,29.0,857.4249999999998,893.3916666666669,1.0,1.0,0,0,41.0,29.0,857.4249999999998,893.3916666666669,1.0,1.0
2018-09-08 07:00:00,68,0,0.0,0.0,0.18707148730754852,0.18707148730754852,38.0,23.0,877.1055555555554,917.3749999999995,1.0,1.0,0,0,38.0,23.0,877.1055555555554,917.3749999999995,1.0,1.0
2018-09-08 08:00:00,69,1,1.0,0.0,0.1715361773967743,0.1715361773967743,35.0,21.0,790.4222222222219,915.3166666666668,1.0,1.0,1,0,36.0,21.0,790.4222222222219,915.3166666666668,1.0,1.0
2018-09-08 09:00:00,70,0,0.0,0.0,0.04959713667631149,0.04959713667631149,35.0,19.0,864.016666666666,967.4833333333333,1.0,1.0,0,0,35.0,19.0,864.016666666666,967.4833333333333,1.0,1.0
2018-09-08 10:00:00,71,0,0.0,0.0,0.06679374724626541,0.06679374724626541,33.0,16.0,885.9583333333333,955.6166666666667,1.0,1.0,0,0,33.0,16.0,885.9583333333333,955.6166666666667,1.0,1.0
2018-09-08 11:00:00,72,0,0.0,0.0,0.2573991119861603,0.2573991119861603,30.0,15.0,873.138888888889,951.8666666666668,1.0,1.0,0,0,30.0,15.0,873.138888888889,951.8666666666668,1.0,1.0
2018-09-08 12:00:00,73,2,0.0,2.0,0.4732939675450325,0.4732939675450325,26.0,13.0,845.7541666666662,982.4916666666668,1.0,1.0,1,1,27.0,14.0,845.7541666666662,982.4916666666668,1.0,1.0
2018-09-08 13:00:00,74,1,1.0,0.0,1.6809860467910767,1.6809860467910767,26.0,15.0,880.4388888888883,1016.4499999999998,1.0,1.0,1,0,25.0,13.0,880.4388888888883,1016.4499999999998,1.0,1.0
2018-09-08 14:00:00,75,3,3.0,0.0,4.514631867408752,4.514631867408752,22.0,15.0,857.4812499999996,1054.7611111111112,1.0,1.0,3,0,20.0,10.0,857.4812499999996,1054.7611111111112,1.0,1.0
2018-09-08 15:00:00,76,2,2.0,0.0,5.988183975219727,5.988183975219727,19.0,11.0,817.3119047619047,967.9933333333331,1.0,1.0,2,0,15.0,5.0,817.3119047619047,967.9933333333331,1.0,1.0
2018-09-08 16:00:00,77,3,3.0,0.0,3.280299723148346,3.280299723148346,7.0,1.0,579.2333333333331,478.3738095238094,1.0,1.0,2,1,6.0,0.0,579.2333333333331,465.33571428571423,1.0,0.9784259259259256
2018-09-08 17:00:00,78,7,7.0,0.0,1.4700580835342407,1.4700580835342407,0.0,0.0,109.70952380952349,0.0,1.0,0.8438333333333331,4,3,3.0,0.0,108.91666666666632,0.0,1.0,0.8208518518518506
2018-09-08 18:00:00,79,3,3.0,0.0,2.5547374486923218,2.5547374486923218,4.0,0.0,52.33333333333394,0.0,1.0,0.8412777777777783,2,1,3.0,0.0,52.33333333333394,0.0,1.0,0.6744629629629637
2018-09-08 19:00:00,80,8,6.0,2.0,1.804361641407013,1.804361641407013,1.0,0.0,71.73333333333267,0.0,1.0,0.7333333333333333,4,4,3.0,0.0,70.4291666666661,0.0,1.0,0.7041851851851849
2018-09-08 20:00:00,81,2,2.0,0.0,3.522660255432129,3.522660255432129,6.0,0.0,76.23333333333267,6.558333333333394,1.0,1.0,1,1,3.0,0.0,76.23333333333267,0.0,1.0,0.7855555555555556
2018-09-08 21:00:00,82,2,2.0,0.0,1.3155020475387573,1.3155020475387573,0.0,0.0,56.87666666666646,0.0,0.9720185185185185,0.8572777777777769,1,1,0.0,0.0,56.64999999999982,0.0,0.9720185185185185,0.817425925925925
2018-09-08 22:00:00,83,4,4.0,0.0,1.3821753859519958,1.3821753859519958,0.0,0.0,0.0,0.0,0.995962962962963,0.735296296296296,3,1,1.0,0.0,37.516666666666424,0.0,0.9981481481481478,0.6723888888888885
2018-09-08 23:00:00,84,2,2.0,0.0,1.0302782505750656,1.0302782505750656,0.0,0.0,10.362499999999727,0.0,0.9320925925925935,0.6365185185185187,1,1,0.0,0.0,9.77916666666647,0.0,0.9320925925925935,0.5717962962962965
2018-09-09 00:00:00,85,2,2.0,0.0,1.204171746969223,1.204171746969223,0.0,0.0,0.0,0.0,0.8398333333333297,0.595148148148148,1,1,0.0,0.0,0.0,0.0,0.8168888888888857,0.5469629629629627
2018-09-09 01:00:00,86,2,2.0,0.0,1.2988447770476341,1.2988447770476341,0.0,0.0,0.0,0.0,0.6193148148148137,0.5628333333333335,1,1,0.0,0.0,0.0,0.0,0.6142962962962955,0.5525
2018-09-09 02:00:00,87,2,2.0,0.0,0.83717280626297,0.83717280626297,0.0,0.0,0.0,0.0,0.4687962962962956,0.44644444444444364,1,1,0.0,0.0,0.0,0.0,0.4494259259259252,0.42694444444444346
2018-09-09 03:00:00,88,1,1.0,0.0,0.22988905757665634,0.22988905757665634,0.0,0.0,0.0,0.0,0.38287037037037003,0.4,1,0,0.0,0.0,0.0,0.0,0.3881111111111103,0.4
2018-09-09 04:00:00,89,2,2.0,0.0,0.10600209981203079,0.10600209981203079,0.0,0.0,0.0,0.0,0.3845000000000002,0.3667407407407407,1,1,0.0,0.0,0.0,0.0,0.40085185185185157,0.3731666666666671
2018-09-09 05:00:00,90,2,2.0,0.0,0.24421192705631256,0.24421192705631256,0.0,0.0,0.0,0.0,0.37433333333333396,0.2805740740740738,1,1,0.0,0.0,0.0,0.0,0.4279814814814826,0.32394444444444465
2018-09-09 06:00:00,91,0,0.0,0.0,0.010198690928518772,0.010198690928518772,0.0,0.0,0.0,0.0,0.4,0.3113148148148139,0,0,0.0,0.0,0.0,0.0,0.4,0.3113148148148139
2018-09-09 07:00:00,92,1,1.0,0.0,0.0,0.0,0.0,0.0,0.0,0.0,0.4,0.2075370370370365,1,0,0.0,0.0,0.0,0.0,0.40359259259259284,0.2075370370370365
2018-09-09 08:00:00,93,0,0.0,0.0,0.02446739748120308,0.02446739748120308,0.0,0.0,0.0,0.0,0.4666666666666667,0.2,0,0,0.0,0.0,0.0,0.0,0.4666666666666667,0.2
2018-09-09 09:00:00,94,0,0.0,0.0,0.0,0.0,0.0,0.0,0.0,0.0,0.4666666666666667,0.15162962962962917,0,0,0.0,0.0,0.0,0.0,0.4666666666666667,0.15162962962962917
2018-09-09 10:00:00,95,0,0.0,0.0,0.0,0.0,0.0,0.0,0.0,0.0,0.4666666666666667,0.13333333333333333,0,0,0.0,0.0,0.0,0.0,0.4666666666666667,0.13333333333333333
2018-09-09 11:00:00,96,0,0.0,0.0,0.0,0.0,0.0,0.0,0.0,0.0,0.4661111111111111,0.13333333333333333,0,0,0.0,0.0,0.0,0.0,0.4661111111111111,0.13333333333333333
2018-09-09 12:00:00,97,1,1.0,0.0,0.11787831038236618,0.11787831038236618,0.0,0.0,0.0,0.0,0.4,0.13333333333333333,1,0,0.0,0.0,0.0,0.0,0.4318888888888887,0.13333333333333333
2018-09-09 13:00:00,98,1,1.0,0.0,0.48480529338121414,0.48480529338121414,0.0,0.0,0.0,0.0,0.4,0.13333333333333333,1,0,0.0,0.0,0.0,0.0,0.40555555555555556,0.13333333333333333
2018-09-09 14:00:00,99,4,4.0,0.0,1.0003847479820251,1.0003847479820251,0.0,0.0,0.0,0.0,0.4926111111111105,0.2,3,1,0.0,0.0,0.0,0.0,0.5304999999999997,0.14394444444444465
2018-09-09 15:00:00,100,3,3.0,0.0,2.443289563059807,2.443289563059807,0.0,0.0,0.0,0.0,0.5808518518518516,0.3333333333333333,2,1,0.0,0.0,0.0,0.0,0.5327777777777778,0.20231481481481448
2018-09-09 16:00:00,101,3,3.0,0.0,2.5362023189663887,2.5362023189663887,0.0,0.0,0.0,0.0,0.6631296296296295,0.4666666666666667,2,1,0.0,0.0,0.0,0.0,0.5489999999999994,0.2854629629629633
2018-09-09 17:00:00,102,6,5.0,1.0,1.3907254785299301,1.3907254785299301,0.0,0.0,0.0,0.0,0.4033888888888891,0.31835185185185055,4,2,0.0,0.0,0.0,0.0,0.4305555555555556,0.295148148148147
2018-09-09 18:00:00,103,2,2.0,0.0,2.3901182413101196,2.3901182413101196,0.0,0.0,0.0,0.0,0.6395740740740742,0.4213333333333331,1,1,0.0,0.0,0.0,0.0,0.5621851851851857,0.28933333333333294
2018-09-09 19:00:00,104,4,4.0,0.0,1.1476721465587616,1.1476721465587616,0.0,0.0,0.0,0.0,0.4907037037037036,0.31116666666666687,3,1,0.0,0.0,0.0,0.0,0.5231851851851853,0.24914814814814842
2018-09-09 20:00:00,105,5,4.0,1.0,1.2490886896848679,1.2490886896848679,0.0,0.0,0.0,0.0,0.5917037037037032,0.22548148148148156,3,2,0.0,0.0,0.0,0.0,0.635666666666666,0.17300000000000082
2018-09-09 21:00:00,106,4,4.0,0.0,2.042950391769409,2.042950391769409,0.0,0.0,0.0,0.0,0.6837222222222216,0.37233333333333274,3,1,0.0,0.0,0.0,0.0,0.6143888888888887,0.2556111111111103
2018-09-09 22:00:00,107,3,3.0,0.0,1.5103217959403992,1.5103217959403992,0.0,0.0,0.0,0.0,0.6383703703703698,0.3845185185185184,2,1,0.0,0.0,0.0,0.0,0.5326851851851845,0.2535740740740736
2018-09-09 23:00:00,108,4,4.0,0.0,0.9695389717817307,0.9695389717817307,0.0,0.0,0.0,0.0,0.4872962962962962,0.22690740740740695,3,1,0.0,0.0,0.0,0.0,0.5678148148148153,0.20031481481481428
2018-09-10 00:00:00,109,2,2.0,0.0,1.312721848487854,1.312721848487854,0.0,0.0,0.0,0.0,0.5333333333333333,0.16909259259259266,1,1,0.0,0.0,0.0,0.0,0.5172037037037039,0.1359259259259256
2018-09-10 01:00:00,110,1,1.0,0.0,0.8578348159790039,0.8578348159790039,0.0,0.0,0.0,0.0,0.5654999999999998,0.2,1,0,0.0,0.0,0.0,0.0,0.5307222222222219,0.13333333333333333
2018-09-10 02:00:00,111,1,1.0,0.0,0.5021072030067444,0.5021072030067444,0.0,0.0,0.0,0.0,0.533774074074074,0.1922407407407415,1,0,0.0,0.0,0.0,0.0,0.5332592592592593,0.1255740740740748
2018-09-10 03:00:00,112,3,3.0,0.0,0.4375566393136978,0.4375566393136978,0.0,0.0,0.0,0.0,0.40440740740740594,0.06666666666666667,2,1,0.0,0.0,0.0,0.0,0.49087037037036885,0.07518518518518552
2018-09-10 04:00:00,113,3,3.0,0.0,0.5261579900979996,0.5261579900979996,0.0,0.0,0.0,0.0,0.42183333333333395,0.14490740740740773,2,1,0.0,0.0,0.0,0.0,0.38831481481481506,0.07948148148148196
2018-09-10 05:00:00,114,1,1.0,0.0,0.48003143072128296,0.48003143072128296,0.0,0.0,0.0,0.0,0.4666666666666667,0.10094444444444384,1,0,0.0,0.0,0.0,0.0,0.5225185185185183,0.10094444444444384
2018-09-10 06:00:00,115,1,1.0,0.0,0.25109799951314926,0.25109799951314926,0.0,0.0,0.0,0.0,0.4800925925925933,0.06666666666666667,1,0,0.0,0.0,0.0,0.0,0.4802777777777788,0.06666666666666667
2018-09-10 07:00:00,116,1,1.0,0.0,0.29696452617645264,0.29696452617645264,0.0,0.0,0.0,0.0,0.5333333333333333,0.06666666666666667,1,0,0.0,0.0,0.0,0.0,0.5491666666666667,0.06666666666666667
2018-09-10 08:00:00,117,0,0.0,0.0,0.13895657286047935,0.13895657286047935,0.0,0.0,0.0,0.0,0.5333333333333333,0.06666666666666667,0,0,0.0,0.0,0.0,0.0,0.5333333333333333,0.06666666666666667
2018-09-10 09:00:00,118,0,0.0,0.0,0.11523116752505302,0.11523116752505302,0.0,0.0,0.0,0.0,0.5333333333333333,0.06666666666666667,0,0,0.0,0.0,0.0,0.0,0.5333333333333333,0.06666666666666667
2018-09-10 10:00:00,119,1,1.0,0.0,0.07708941400051117,0.07708941400051117,0.0,0.0,0.0,0.0,0.46555555555555456,0.06666666666666667,1,0,0.0,0.0,0.0,0.0,0.529629629629629,0.06666666666666667
2018-09-10 11:00:00,120,2,1.0,1.0,0.06617921218276024,0.06617921218276024,0.0,0.0,0.0,0.0,0.42951851851851847,0.06666666666666667,1,1,0.0,0.0,0.0,0.0,0.4404999999999998,0.10548148148148155
2018-09-10 12:00:00,121,3,1.0,2.0,0.8770269751548767,0.8770269751548767,0.0,0.0,0.0,0.0,0.5061333333333338,0.13333333333333333,1,2,0.0,0.0,0.0,0.0,0.4841666666666667,0.07774074074074026
2018-09-10 13:00:00,122,14,5.0,9.0,4.9858914613723755,4.9858914613723755,0.0,0.0,0.0,0.0,0.724481481481481,0.5333333333333333,6,8,0.0,0.0,0.0,0.0,0.5046666666666665,0.4939629629629639
2018-09-10 14:00:00,123,20,6.0,14.0,10.963847398757935,10.963847398757935,1.0,7.0,33.69333333333325,41.91666666666606,1.0,1.0,8,12,0.0,7.0,0.0,30.74999999999909,0.8362962962962947,0.9724814814814817
2018-09-10 15:00:00,124,35,24.0,11.0,13.088990688323975,13.088990688323975,9.0,21.0,31.849999999999454,0.0,1.0,1.0,14,21,11.0,28.0,26.466666666666242,0.0,0.9971666666666664,1.0
2018-09-10 16:00:00,125,10,9.0,1.0,7.393104791641235,7.393104791641235,16.0,35.0,67.35000000000036,151.13333333333412,1.0,1.0,8,2,18.0,29.0,67.35000000000036,151.13333333333412,1.0,1.0
2018-09-10 17:00:00,126,7,7.0,0.0,2.7646633684635162,2.7646633684635162,21.0,32.0,0.0,0.0,1.0,1.0,6,1,24.0,30.0,0.0,0.0,1.0,1.0
2018-09-10 18:00:00,127,1,1.0,0.0,2.1284706592559814,2.1284706592559814,24.0,31.0,202.0,251.46666666666624,1.0,1.0,1,0,23.0,29.0,202.0,251.46666666666624,1.0,1.0
2018-09-10 19:00:00,128,9,7.0,2.0,1.7877662777900696,1.7877662777900696,24.0,30.0,247.04999999999927,289.4499999999998,1.0,1.0,6,3,28.0,31.0,247.04999999999927,289.4499999999998,1.0,1.0
2018-09-10 20:00:00,129,5,4.0,1.0,3.1641528606414795,3.1641528606414795,29.0,34.0,304.4166666666665,0.0,1.0,1.0,2,3,28.0,34.0,304.4166666666665,0.0,1.0,1.0
2018-09-10 21:00:00,130,8,4.0,4.0,2.1373087763786316,2.1373087763786316,30.0,32.0,0.0,393.4208333333329,1.0,1.0,6,2,34.0,32.0,0.0,393.4208333333329,1.0,1.0
2018-09-10 22:00:00,131,5,2.0,3.0,2.0179523825645447,2.0179523825645447,36.0,32.0,0.0,443.16666666666697,1.0,1.0,3,2,37.0,32.0,0.0,443.16666666666697,1.0,1.0
2018-09-10 23:00:00,132,4,2.0,2.0,2.158376634120941,2.158376634120941,34.0,31.0,478.3166666666666,484.07222222222236,1.0,1.0,2,2,34.0,31.0,478.3166666666666,484.07222222222236,1.0,1.0
2018-09-11 00:00:00,133,5,4.0,1.0,1.4423181414604187,1.4423181414604187,29.0,30.0,499.175,562.3833333333332,1.0,1.0,3,2,31.0,31.0,499.175,562.3833333333332,1.0,1.0
2018-09-11 01:00:00,134,5,5.0,0.0,1.6244244873523712,1.6244244873523712,31.0,32.0,532.7750000000001,594.6499999999996,1.0,1.0,4,1,33.0,31.0,532.7750000000001,594.6499999999996,1.0,1.0
2018-09-11 02:00:00,135,3,3.0,0.0,1.5993413627147675,1.5993413627147675,34.0,31.0,597.0166666666664,653.125,1.0,1.0,3,0,35.0,29.0,597.0166666666664,653.125,1.0,1.0
2018-09-11 03:00:00,136,1,1.0,0.0,1.4453210532665253,1.4453210532665253,34.0,27.0,615.75,699.3888888888887,1.0,1.0,1,0,34.0,26.0,615.75,699.3888888888887,1.0,1.0
2018-09-11 04:00:00,137,3,3.0,0.0,1.0566179305315018,1.0566179305315018,34.0,25.0,654.0666666666657,762.6833333333329,1.0,1.0,3,0,36.0,24.0,654.0666666666657,762.6833333333329,1.0,1.0
2018-09-11 05:00:00,138,0,0.0,0.0,0.742526164278388,0.742526164278388,35.0,23.0,691.3833333333332,822.8249999999998,1.0,1.0,0,0,34.0,22.0,691.3833333333332,822.8249999999998,1.0,1.0
2018-09-11 06:00:00,139,0,0.0,0.0,0.4274209048599005,0.4274209048599005,32.0,20.0,715.3666666666672,887.1916666666666,1.0,1.0,0,0,32.0,20.0,715.3666666666672,887.1916666666666,1.0,1.0
2018-09-11 07:00:00,140,1,1.0,0.0,0.3128714468330145,0.3128714468330145,30.0,18.0,752.2750000000005,925.2083333333335,1.0,1.0,1,0,31.0,18.0,752.2750000000005,925.2083333333335,1.0,1.0
2018-09-11 08:00:00,141,0,0.0,0.0,0.16826625727117062,0.16826625727117062,25.0,13.0,745.875,866.7099999999998,1.0,1.0,0,0,25.0,13.0,745.875,866.7099999999998,1.0,1.0
2018-09-11 09:00:00,142,0,0.0,0.0,0.18546279333531857,0.18546279333531857,24.0,9.0,703.7166666666672,784.7833333333331,1.0,1.0,0,0,24.0,9.0,703.7166666666672,784.7833333333331,1.0,1.0
2018-09-11 10:00:00,143,1,1.0,0.0,0.18529466353356838,0.18529466353356838,23.0,9.0,768.1833333333334,0.0,1.0,1.0,1,0,24.0,9.0,768.1833333333334,0.0,1.0,1.0
2018-09-11 11:00:00,144,1,1.0,0.0,0.27323445677757263,0.27323445677757263,20.0,9.0,803.0458333333333,0.0,1.0,1.0,1,0,21.0,9.0,803.0458333333333,0.0,1.0,1.0
2018-09-11 12:00:00,145,1,0.0,1.0,1.0624955296516418,1.0624955296516418,16.0,8.0,765.3194444444443,903.8749999999995,1.0,1.0,0,1,15.0,8.0,765.3194444444443,903.8749999999995,1.0,1.0
2018-09-11 13:00:00,146,6,5.0,1.0,4.722588777542114,4.722588777542114,11.0,11.0,677.1407407407404,940.8000000000011,1.0,1.0,4,2,10.0,8.0,677.1407407407404,940.8000000000011,1.0,1.0
2018-09-11 14:00:00,147,10,10.0,0.0,9.737880229949951,9.737880229949951,12.0,14.0,381.1095238095243,848.7466666666658,1.0,1.0,9,1,12.0,4.0,381.1095238095243,848.7466666666658,1.0,1.0
2018-09-11 15:00:00,148,24,24.0,0.0,12.957398653030396,12.957398653030396,18.0,11.0,85.63611111111125,69.33571428571433,1.0,1.0,18,6,24.0,3.0,85.63611111111125,53.71666666666715,1.0,0.9736666666666638
2018-09-11 16:00:00,149,10,10.0,0.0,9.183182001113892,9.183182001113892,27.0,7.0,106.26999999999899,28.752777777777737,1.0,1.0,7,3,26.0,0.0,106.26999999999899,10.361111111110707,1.0,0.969703703703706
2018-09-11 17:00:00,150,4,4.0,0.0,4.604636192321777,4.604636192321777,31.0,3.0,0.0,34.25000000000091,1.0,1.0,4,0,30.0,0.0,0.0,0.0,1.0,0.9427777777777798
2018-09-11 18:00:00,151,6,6.0,0.0,2.198478639125824,2.198478639125824,29.0,0.0,217.7944444444438,0.0,1.0,0.9840370370370369,4,2,31.0,0.0,217.7944444444438,0.0,1.0,0.8712222222222227
2018-09-11 19:00:00,152,4,4.0,0.0,4.056686997413635,4.056686997413635,34.0,1.0,268.78333333333285,22.399999999999636,1.0,1.0,2,2,32.0,0.0,268.78333333333285,0.0,1.0,0.8387592592592591
2018-09-11 20:00:00,153,3,3.0,0.0,3.391213297843933,3.391213297843933,33.0,0.0,304.46666666666624,36.475000000000364,1.0,1.0,2,1,32.0,0.0,304.46666666666624,0.0,1.0,0.9155370370370373
2018-09-11 21:00:00,154,2,2.0,0.0,2.8156285285949707,2.8156285285949707,34.0,0.0,407.38333333333503,57.36666666666679,1.0,1.0,1,1,32.0,0.0,407.38333333333503,0.0,1.0,0.8742037037037031
2018-09-11 22:00:00,155,4,4.0,0.0,1.7212345004081726,1.7212345004081726,33.0,0.0,436.14999999999964,0.0,1.0,0.9215185185185166,2,2,33.0,0.0,436.14999999999964,0.0,1.0,0.8461296296296273
2018-09-11 23:00:00,156,2,2.0,0.0,2.8085615634918213,2.8085615634918213,34.0,0.0,496.15000000000146,0.0,1.0,0.8125925925925933,1,1,32.0,0.0,496.15000000000146,0.0,1.0,0.6482407407407421
2018-09-12 00:00:00,157,6,6.0,0.0,1.9743441343307495,1.9743441343307495,33.0,0.0,572.7500000000018,0.0,1.0,0.6120370370370377,4,2,35.0,0.0,572.7500000000018,0.0,1.0,0.5053888888888893
2018-09-12 01:00:00,158,8,8.0,0.0,3.4659461975097656,3.4659461975097656,38.0,0.0,0.0,0.0,1.0,0.6921481481481472,7,1,42.0,0.0,0.0,0.0,1.0,0.49725925925925873
2018-09-12 02:00:00,159,9,9.0,0.0,3.8060343861579895,3.8060343861579895,42.0,0.0,656.5708333333328,0.0,1.0,0.6238888888888889,5,4,43.0,0.0,656.5708333333328,0.0,1.0,0.42616666666666586
2018-09-12 03:00:00,160,3,3.0,0.0,6.1268088817596436,6.1268088817596436,46.0,0.0,713.1222222222223,0.0,1.0,0.9333333333333333,2,1,42.0,0.0,713.1222222222223,0.0,1.0,0.5392962962962964
2018-09-12 04:00:00,161,0,0.0,0.0,1.713661253452301,1.713661253452301,42.0,0.0,751.1750000000002,0.0,1.0,0.6465555555555572,0,0,40.0,0.0,751.1750000000002,0.0,1.0,0.5132222222222238
2018-09-12 05:00:00,162,2,2.0,0.0,0.4596487432718277,0.4596487432718277,38.0,0.0,791.8249999999989,0.0,1.0,0.44009259259259326,1,1,39.0,0.0,791.8249999999989,0.0,1.0,0.4430000000000008
2018-09-12 06:00:00,163,1,1.0,0.0,0.36848321557044983,0.36848321557044983,37.0,0.0,853.8916666666673,0.0,1.0,0.4300370370370365,1,0,38.0,0.0,853.8916666666673,0.0,1.0,0.4300370370370365
2018-09-12 07:00:00,164,0,0.0,0.0,0.3504593353718519,0.3504593353718519,35.0,0.0,888.3888888888887,0.0,1.0,0.3309444444444428,0,0,35.0,0.0,888.3888888888887,0.0,1.0,0.3309444444444428
2018-09-12 08:00:00,165,0,0.0,0.0,0.26440174877643585,0.26440174877643585,34.0,0.0,943.8166666666657,0.0,1.0,0.26666666666666666,0,0,34.0,0.0,943.8166666666657,0.0,1.0,0.26666666666666666
2018-09-12 09:00:00,166,0,0.0,0.0,0.17663937993347645,0.17663937993347645,30.0,0.0,932.8166666666666,0.0,1.0,0.26666666666666666,0,0,30.0,0.0,932.8166666666666,0.0,1.0,0.26666666666666666
2018-09-12 10:00:00,167,1,1.0,0.0,0.2671303916722536,0.2671303916722536,27.0,0.0,932.1444444444442,0.0,1.0,0.26666666666666666,1,0,28.0,0.0,932.1444444444442,0.0,1.0,0.26666666666666666
2018-09-12 11:00:00,168,1,1.0,0.0,0.3538026586174965,0.3538026586174965,27.0,0.0,912.3666666666668,0.0,1.0,0.26666666666666666,1,0,28.0,0.0,912.3666666666668,0.0,1.0,0.26666666666666666
2018-09-12 12:00:00,169,0,0.0,0.0,0.7492581009864807,0.7492581009864807,23.0,0.0,905.6388888888887,0.0,1.0,0.3333333333333333,0,0,22.0,0.0,905.6388888888887,0.0,1.0,0.26666666666666666
2018-09-12 13:00:00,170,2,2.0,0.0,2.8737823963165283,2.8737823963165283,24.0,0.0,794.3666666666686,0.0,1.0,0.43405555555555514,1,1,22.0,0.0,794.3666666666686,0.0,1.0,0.24366666666666587
2018-09-12 14:00:00,171,6,6.0,0.0,5.472901940345764,5.472901940345764,26.0,0.0,869.2166666666672,0.0,1.0,0.6,4,2,25.0,0.0,869.2166666666672,0.0,1.0,0.2871111111111107
2018-09-12 15:00:00,172,23,23.0,0.0,7.976468086242676,7.976468086242676,26.0,0.0,856.5750000000002,0.0,1.0,0.9393148148148147,14,9,33.0,0.0,856.5750000000002,0.0,1.0,0.4183148148148151
2018-09-12 16:00:00,173,13,13.0,0.0,8.71216893196106,8.71216893196106,35.0,9.0,878.0833333333325,0.0,1.0,1.0,8,5,35.0,4.0,878.0833333333325,0.0,1.0,0.9522592592592587
2018-09-12 17:00:00,174,2,2.0,0.0,5.302096843719482,5.302096843719482,33.0,8.0,764.3714285714284,63.91666666666788,1.0,1.0,1,1,29.0,4.0,764.3714285714284,63.91666666666788,1.0,1.0
2018-09-12 18:00:00,175,1,1.0,0.0,2.3941417932510376,2.3941417932510376,26.0,6.0,297.67666666666736,0.0,1.0,1.0,1,0,25.0,4.0,297.67666666666736,0.0,1.0,1.0
2018-09-12 19:00:00,176,3,3.0,0.0,2.144388735294342,2.144388735294342,23.0,4.0,275.31249999999955,168.27500000000055,1.0,1.0,2,1,23.0,3.0,275.31249999999955,168.27500000000055,1.0,1.0
2018-09-12 20:00:00,177,2,2.0,0.0,1.8053442239761353,1.8053442239761353,23.0,5.0,324.60833333333176,0.0,1.0,1.0,1,1,22.0,4.0,324.60833333333176,0.0,1.0,1.0
2018-09-12 21:00:00,178,0,0.0,0.0,1.257516324520111,1.257516324520111,22.0,4.0,355.28333333333467,256.41666666666606,1.0,1.0,0,0,21.0,3.0,355.28333333333467,256.41666666666606,1.0,1.0
2018-09-12 22:00:00,179,2,2.0,0.0,1.4324491620063782,1.4324491620063782,22.0,3.0,0.0,337.25,1.0,1.0,2,0,23.0,2.0,0.0,337.25,1.0,1.0
2018-09-12 23:00:00,180,4,4.0,0.0,1.1779095232486725,1.1779095232486725,23.0,0.0,481.3666666666668,129.6166666666662,1.0,1.0,2,2,24.0,1.0,481.3666666666668,116.17222222222154,1.0,1.0
2018-09-13 00:00:00,181,3,3.0,0.0,2.5215861797332764,2.5215861797332764,27.0,0.0,0.0,22.25666666666657,1.0,0.9848148148148155,3,0,27.0,0.0,0.0,1.8599999999998544,1.0,0.8981296296296306
2018-09-13 01:00:00,182,7,7.0,0.0,3.123758912086487,3.123758912086487,27.0,0.0,605.0222222222213,0.0,1.0,0.7135370370370381,4,3,28.0,0.0,605.0222222222213,0.0,1.0,0.5447222222222242
2018-09-13 02:00:00,183,6,6.0,0.0,4.6978243589401245,4.6978243589401245,32.0,0.0,660.1166666666686,0.0,1.0,0.9514074074074071,4,2,31.0,0.0,660.1166666666686,0.0,1.0,0.6638148148148139
2018-09-13 03:00:00,184,3,3.0,0.0,2.630484461784363,2.630484461784363,32.0,0.0,701.5166666666664,0.0,1.0,0.82764814814815,2,1,31.0,0.0,701.5166666666664,0.0,1.0,0.6336481481481496
2018-09-13 04:00:00,185,3,3.0,0.0,1.1816603541374207,1.1816603541374207,27.0,0.0,747.2699999999998,0.0,1.0,0.5068703703703694,2,1,28.0,0.0,747.2699999999998,0.0,1.0,0.4438888888888889
2018-09-13 05:00:00,186,0,0.0,0.0,0.6650115549564362,0.6650115549564362,27.0,0.0,794.3083333333325,0.0,1.0,0.4782777777777786,0,0,26.0,0.0,794.3083333333325,0.0,1.0,0.4116111111111119
2018-09-13 06:00:00,187,0,0.0,0.0,0.3294934406876564,0.3294934406876564,24.0,0.0,833.0916666666662,0.0,1.0,0.3160740740740746,0,0,24.0,0.0,833.0916666666662,0.0,1.0,0.3160740740740746
2018-09-13 07:00:00,188,1,1.0,0.0,0.12852712348103523,0.12852712348103523,23.0,0.0,868.5166666666664,0.0,1.0,0.2,1,0,24.0,0.0,868.5166666666664,0.0,1.0,0.2
2018-09-13 08:00:00,189,0,0.0,0.0,0.0989011600613594,0.0989011600613594,22.0,0.0,788.1666666666652,0.0,1.0,0.2,0,0,22.0,0.0,788.1666666666652,0.0,1.0,0.2
2018-09-13 09:00:00,190,0,0.0,0.0,0.11609772592782974,0.11609772592782974,22.0,0.0,0.0,0.0,1.0,0.2,0,0,22.0,0.0,0.0,0.0,1.0,0.2
2018-09-13 10:00:00,191,0,0.0,0.0,0.1788046658039093,0.1788046658039093,22.0,0.0,0.0,0.0,1.0,0.2,0,0,22.0,0.0,0.0,0.0,1.0,0.2
2018-09-13 11:00:00,192,1,1.0,0.0,0.18441461399197578,0.18441461399197578,19.0,0.0,891.4666666666684,0.0,1.0,0.2,1,0,20.0,0.0,891.4666666666684,0.0,1.0,0.2
2018-09-13 12:00:00,193,0,0.0,0.0,0.3678782880306244,0.3678782880306244,15.0,0.0,786.0600000000002,0.0,1.0,0.2,0,0,15.0,0.0,786.0600000000002,0.0,1.0,0.2
2018-09-13 13:00:00,194,4,4.0,0.0,1.3559231758117676,1.3559231758117676,12.0,0.0,740.4708333333328,0.0,1.0,0.22251851851851825,2,2,13.0,0.0,740.4708333333328,0.0,1.0,0.1683888888888881
2018-09-13 14:00:00,195,7,7.0,0.0,4.501559495925903,4.501559495925903,12.0,0.0,722.6416666666659,0.0,1.0,0.6,4,3,11.0,0.0,722.6416666666659,0.0,1.0,0.30912962962962814
2018-09-13 15:00:00,196,45,23.0,22.0,8.633726596832275,8.633726596832275,14.0,2.0,556.6999999999992,0.0,1.0,1.0,14,31,20.0,23.0,556.6999999999992,0.0,1.0,0.7799629629629635
2018-09-13 16:00:00,197,11,9.0,2.0,6.852484226226807,6.852484226226807,20.0,30.0,156.63333333333472,38.350000000000364,1.0,1.0,6,5,20.0,27.0,156.63333333333472,38.350000000000364,1.0,1.0
2018-09-13 17:00:00,198,6,6.0,0.0,2.65398508310318,2.65398508310318,20.0,30.0,148.75555555555607,0.0,1.0,1.0,4,2,21.0,29.0,148.75555555555607,0.0,1.0,1.0
2018-09-13 18:00:00,199,2,1.0,1.0,2.0207037031650543,2.0207037031650543,22.0,30.0,178.68333333333248,195.04999999999927,1.0,1.0,1,1,21.0,29.0,178.68333333333248,195.04999999999927,1.0,1.0
